{
    "accuracy": 0.6623376623376623,
    "precision": 0.6712245977185163,
    "recall": 0.6623376623376623,
    "f1": 0.6657943349753694
}