{
    "accuracy": 0.7467532467532467,
    "precision": 0.7527862208713273,
    "recall": 0.7467532467532467,
    "f1": 0.7489782125961445
}