{
    "accuracy": 0.6883116883116883,
    "precision": 0.5466666666666666,
    "recall": 0.7454545454545455,
    "f1": 0.6307692307692307
}